Latitude,Longitude,Hub height,Total power,Name,City
#ND,#ND,#ND,21000,Aarvee Denims & Exports Ltd.,#ND
#ND,#ND,#ND,67000,Aban Loyd Chiles O. Ltd,#ND
#ND,#ND,#ND,17000,ACC Limited,#ND
#ND,#ND,#ND,13000,Advik Hi-Tech Pvt. Ltd,#ND
#ND,#ND,#ND,8000,Agali,#ND
#ND,#ND,#ND,16000,Ambika Cotton Mills Ltd,#ND
#ND,#ND,#ND,16000,Apollo Tyres Ltd,#ND
#ND,#ND,#ND,10000,APSRTC,#ND
#ND,#ND,#ND,20000,Arvind A Traders,#ND
#ND,#ND,#ND,15000,Aryan Coal Benification Pvt. Ltd,#ND
#ND,#ND,#ND,29000,Ashok Leyland Fin. Ltd,#ND
#ND,#ND,#ND,12000,Asian Star Company Ltd,#ND
#ND,#ND,#ND,150000,Aundewadi,Maharasta
#ND,#ND,#ND,12000,Avinash N Bhosale,#ND
#ND,#ND,#ND,86250,Baba Budangiri Hills,Karnataka
#ND,#ND,#ND,24000,Bannari Amman Spinning Mills Ltd,#ND
#ND,#ND,#ND,12000,Bellary Iron Ores Pvt. Ltd,#ND
#ND,#ND,#ND,26000,Best & Co.,#ND
#ND,#ND,#ND,13000,Best International,#ND
#ND,#ND,#ND,16000,Bharat Forge Ltd,#ND
#ND,#ND,#ND,15000,Bharati Shipyard Ltd,#ND
#ND,#ND,#ND,14000,C Mahendra Exports Ltd,#ND
#ND,#ND,#ND,24000,CEPCO Industries Pvt. Ltd,#ND
#ND,#ND,#ND,11000,Charisma Builders,#ND
#ND,#ND,#ND,12000,Cheran Spinners Ltd,#ND
#ND,#ND,#ND,18000,Chettinad Cement Corp,#ND
#ND,#ND,#ND,19000,CPCL,#ND
#ND,#ND,#ND,17000,Dalmia Cements (B) Ltd,#ND
#ND,#ND,#ND,11000,DCW Limited,#ND
#ND,#ND,#ND,10000,Deepak Ferti.& Petrochem.Corpn Ltd,#ND
#ND,#ND,#ND,30000,Dhariwal Industries Ltd,#ND
#ND,#ND,#ND,20000,DJ Malpani,#ND
#ND,#ND,#ND,75000,DLF Home Developers Ltd,#ND
#ND,#ND,#ND,182000,DLF Limited,#ND
#ND,#ND,#ND,13000,Echjay Industries Pvt. Ltd,#ND
#ND,#ND,#ND,13000,Elecon Engineering Co. Ltd,#ND
#ND,#ND,#ND,28000,Ellora Times Ltd,#ND
#ND,#ND,#ND,11000,Emco Limited,#ND
#ND,#ND,#ND,34000,Enercon Wind Farms India Ltd,#ND
#ND,#ND,#ND,15000,Enercon Wind Farms Krishna Ltd,#ND
#ND,#ND,#ND,25000,Enercon Wind Farms Raj Pvt. Ltd,#ND
#ND,#ND,#ND,20000,Enercon Wind Farms Sai Limited,#ND
#ND,#ND,#ND,159000,Enercon Windfarms Hindustan P. Ltd,#ND
#ND,#ND,#ND,10000,Era Constructions India Ltd,#ND
#ND,#ND,#ND,12000,Era Infrastructure (India) Limited,#ND
#ND,#ND,#ND,88000,Essel Mining & Industries Ltd,#ND
#ND,#ND,#ND,21000,Fair Deal Supplies Pvt. Ltd,#ND
#ND,#ND,#ND,15000,Friend Salt Works & Allied Industries,#ND
#ND,#ND,#ND,65000,GACL,#ND
#ND,#ND,#ND,49000,Gangadhar Narsighdas Agrawal,#ND
#ND,#ND,#ND,23000,Generacion Eolica India Pvt. Ltd,#ND
#ND,#ND,#ND,29000,Ghodawat Industries Ltd,#ND
#ND,#ND,#ND,21000,GI Windfarms Ltd,#ND
#ND,#ND,#ND,34000,Godavat Pan Masala,#ND
#ND,#ND,#ND,16000,Goetze (I) Finance Services Ltd,#ND
#ND,#ND,#ND,32000,Grace Infrastructure (P) Ltd,#ND
#ND,#ND,#ND,20000,GSEC (ELECTRIC),#ND
#ND,#ND,#ND,36000,Gujarat Fluorochemicals Ltd,#ND
#ND,#ND,#ND,33000,Gujarat Gardian Limited,#ND
#ND,#ND,#ND,12000,Gujarat Narmada Valley Ferti. Co. Ltd,#ND
#ND,#ND,#ND,99000,Gujarat NRE Coke Limited,#ND
#ND,#ND,#ND,51000,Gujarat Paguthan Energy Corp.Ltd,#ND
#ND,#ND,#ND,12000,Gujarat State Fertilizers & Chemicals Ltd,#ND
#ND,#ND,#ND,41000,Halli & Jogimatti,#ND
#ND,#ND,#ND,25000,Hindustan Pertoleum Corporation Ltd,#ND
#ND,#ND,#ND,129000,HZL,#ND
#ND,#ND,#ND,20000,IDFC,#ND
#ND,#ND,#ND,15000,Indian Petrochemicals? Co. Ltd,#ND
#ND,#ND,#ND,35000,Indo Wind Energy Ltd,#ND
#ND,#ND,#ND,11000,Integral Coach Factory,#ND
#ND,#ND,#ND,21000,IOCL,#ND
#ND,#ND,#ND,50000,Jaiprakash Associates Limited,#ND
#ND,#ND,#ND,16000,Jayajyoti & Co. Ltd,#ND
#ND,#ND,#ND,19000,Jindal Alluminiam Ltd,#ND
#ND,#ND,#ND,15000,Jindal Steel and Power Ltd,#ND
#ND,#ND,#ND,67500,Jojobera - I,#ND
#ND,#ND,#ND,63000,K S Oils Ltd,#ND
#ND,#ND,65,19500,Kalluthu,Kalluthu
#ND,#ND,#ND,10000,Kandagiri Spinning Mills,#ND
#ND,#ND,#ND,7500,Karnataka,#ND
#ND,#ND,#ND,3000,Karnataka,#ND
#ND,#ND,#ND,10000,Khatau Narbheram & Co,#ND
#ND,#ND,#ND,#ND,Kottai,Kottai
#ND,#ND,#ND,34000,KPR Mill Pvt. Ltd,#ND
#ND,#ND,#ND,13000,KRBL Limited,#ND
#ND,#ND,#ND,23000,Lakshmi Machine Works Ltd,#ND
#ND,#ND,#ND,10000,Lanco Infratech Ltd,#ND
#ND,#ND,#ND,13000,Leo Fasteners,#ND
#ND,#ND,#ND,21000,Loyal Textile Mills Ltd,#ND
#ND,#ND,#ND,186000,Madras Cement Ltd,#ND
#ND,#ND,#ND,10000,Magma Shrachi Finance Ltd,#ND
#ND,#ND,#ND,14000,Mahanagar Developers,#ND
#ND,#ND,#ND,20000,Manganese Ore (India) Ltd,#ND
#ND,#ND,#ND,11000,Maris - Karnatka,#ND
#ND,#ND,#ND,17000,Metal Powder Co. Ltd,#ND
#ND,#ND,#ND,15000,Minerals Enterprises Ltd,#ND
#ND,#ND,#ND,15000,MMTC Limited,#ND
#ND,#ND,#ND,20000,Modern Road Makers Pvt. Ltd,#ND
#ND,#ND,#ND,38000,Mohan Breweries & Distilleries,#ND
#ND,#ND,#ND,15000,MRF Ltd,#ND
#ND,#ND,#ND,31000,MSPL GROUP,#ND
#ND,#ND,#ND,124000,MSPL Limited,#ND
#ND,#ND,#ND,19000,Muthoot Fincorp Ltd,#ND
#ND,#ND,#ND,5940,Mythos,#ND
#ND,#ND,#ND,23000,NEG-Micon (I) P. Ltd,#ND
#ND,#ND,#ND,45000,NEPC Micon,#ND
#ND,#ND,#ND,21000,Nishkalp Investment & Trading,#ND
#ND,#ND,#ND,11000,NMDC Limited,#ND
#ND,#ND,#ND,10000,Nuclear Power Corpn. of India Ltd,#ND
#ND,#ND,#ND,58000,Nuziveedu Seeds Ltd,#ND
#ND,#ND,#ND,11000,P Venganna Setty & Bros,#ND
#ND,#ND,#ND,46000,Patnaik Minerals Pvt Ltd,#ND
#ND,#ND,#ND,24000,Power Finance Corp,#ND
#ND,#ND,#ND,12000,Prabhu Spinning Mills (P) Ltd,#ND
#ND,#ND,#ND,14000,Prakash Industries Ltd,#ND
#ND,#ND,#ND,23000,Premier Fine Yarns Pvt. Ltd,#ND
#ND,#ND,#ND,16000,Premier Spg & Wvg Mills Pvt. Ltd,#ND
#ND,#ND,#ND,12000,R.B. Seth Shreeram Narsingdas,#ND
#ND,#ND,#ND,13000,Rajapalayam Mills Ltd,#ND
#ND,#ND,#ND,37000,Rajasthan Ren. Energy Corp. Ltd,#ND
#ND,#ND,#ND,68000,Rajasthan State Mines & Mineral Ltd,#ND
#ND,#ND,#ND,10000,Rajesh Construction Co,#ND
#ND,#ND,#ND,11000,Rajpalayam Mills,#ND
#ND,#ND,#ND,14000,Ramco Industries Ltd,#ND
#ND,#ND,#ND,43000,Ramgad Minerals & Mining Pvt. Ltd,#ND
#ND,#ND,#ND,16000,Rasi Seeds Ltd.,#ND
#ND,#ND,#ND,18000,Ratnamani Metals & Tubes Ltd,#ND
#ND,#ND,#ND,20000,RCI Power Ltd,#ND
#ND,#ND,#ND,49000,REI Agro Limited,#ND
#ND,#ND,#ND,8400,Reliance,#ND
#ND,#ND,#ND,45000,Reliance Innoventures Pvt Ltd,#ND
#ND,#ND,#ND,11000,Revathi Equipment Ltd,#ND
#ND,#ND,#ND,39000,Roaring 40¡ås Wind Farms Pvt. Ltd,#ND
#ND,#ND,#ND,12000,RRB Consultants & Engg,#ND
#ND,#ND,#ND,29000,Ruchi Infrastructure Ltd,#ND
#ND,#ND,#ND,16000,Ruchi Soya Industries Ltd,#ND
#ND,#ND,#ND,12000,Sambandam Spinning Mills,#ND
#ND,#ND,#ND,19000,Sanjay Ghodawat,#ND
#ND,#ND,#ND,10000,Sanwaria Agro Oil Ltd,#ND
#ND,#ND,#ND,29000,Sapthagiri Distilleries,#ND
#ND,#ND,#ND,13000,Sargam Retails? Pvt. Ltd,#ND
#ND,#ND,#ND,37000,Savita Chemicals Ltd,#ND
#ND,#ND,#ND,13000,SCM Creations,#ND
#ND,#ND,#ND,14000,Shah Promoters & Developers,#ND
#ND,#ND,#ND,28000,Shanmugavel Group,#ND
#ND,#ND,#ND,15000,Shanmugavel Mills,#ND
#ND,#ND,#ND,14000,Sheth Developers Pvt. Ltd,#ND
#ND,#ND,#ND,25000,Shraddha Constructions & Power Generation,#ND
#ND,#ND,#ND,30000,Shree Naman Developers Limited,#ND
#ND,#ND,#ND,13000,Shriram City Union Fin,#ND
#ND,#ND,#ND,13000,Shriram Investments Ltd,#ND
#ND,#ND,#ND,35000,Soundararaja Mills Ltd,#ND
#ND,#ND,#ND,13000,Sree Narasimha Textiles Ltd,#ND
#ND,#ND,#ND,25000,SREI,#ND
#ND,#ND,#ND,11000,Srei Infrastructure Finance Ltd,#ND
#ND,#ND,#ND,14000,SRF Limited,#ND
#ND,#ND,#ND,11000,Sri Ranganathar Industries P. Ltd,#ND
#ND,#ND,#ND,11000,Subhash Projects & Mktg,#ND
#ND,#ND,#ND,15000,Suma Shilp Limited,#ND
#ND,#ND,#ND,24000,Sun N Sand Hotel Pvt. Ltd,#ND
#ND,#ND,#ND,36000,Super Wind Project Pvt Ltd,#ND
#ND,#ND,#ND,17000,Surajbari Windfarm Dev. Pvt. Ltd,#ND
#ND,#ND,#ND,18000,Suzlon Infrastructure Limited,#ND
#ND,#ND,#ND,12000,Suzlon Towers & Structures Limited,#ND
#ND,#ND,55,600,Tamilnadu,#ND
#ND,#ND,#ND,28000,Tamilnadu Newsprint & Paper Ltd,#ND
#ND,#ND,#ND,12000,Tamilnadu Petro Products,#ND
#ND,#ND,#ND,30000,Tata Finance Ltd,#ND
#ND,#ND,#ND,161000,Tata Power Company Limited,#ND
#ND,#ND,#ND,16000,Taurian Iron & Steel Co. Pvt. Ltd,#ND
#ND,#ND,#ND,21000,TCS Textiles Ltd,#ND
#ND,#ND,#ND,13000,Texmo Industries,#ND
#ND,#ND,#ND,14000,Textool Co. Ltd,#ND
#ND,#ND,#ND,13000,Tirupur Textiles Pvt. Ltd,#ND
#ND,#ND,#ND,15000,Topaz Investments Pvt Ld,#ND
#ND,#ND,#ND,12000,Transport Corporation of India Ltd,#ND
#ND,#ND,#ND,13000,Usdev International Ltd,#ND
#ND,#ND,#ND,10000,UTI Ltd,#ND
#ND,#ND,#ND,13000,V.M. Salgaonkar & Bro Pvt. Ltd,#ND
#ND,#ND,#ND,15000,Velatal Spinning Mills Ltd,#ND
#ND,#ND,#ND,44000,Vijayanand Roadlines Ltd,#ND
#ND,#ND,#ND,42000,Vishal Export Overseas Ltd,#ND
#ND,#ND,#ND,14000,VS Lad & Sons,#ND
#ND,#ND,#ND,19000,VSL Mining Company (P) Ltd,#ND
#ND,#ND,#ND,13000,Walden Properties Pvt Ltd,#ND
#ND,#ND,#ND,19000,Weizmann Ltd,#ND
#ND,#ND,#ND,13000,Y Mahabaleswarappa & Sons,#ND
14.680,77.600,#ND,7500,Anantapur,#ND
14.680,77.600,90,277200,Anantapur,#ND
14.680,77.600,#ND,50000,Anantapur (Adani),#ND
14.680,77.600,90,105000,Anantapur (Axis),#ND
14.680,77.600,#ND,120000,Anantapur (Hero),#ND
14.680,77.600,104,100000,Anantapur (Orange),#ND
14.680,77.600,120,197400,Anantapur (Ostro),#ND
14.499,78.536,#ND,90000,Animala,Kadapa
15.476,77.388,#ND,51000,Aspari I,Aspari
15.476,77.388,#ND,119600,Aspari II,Aspari
15.476,77.388,#ND,79900,Aspari III,Aspari
#ND,#ND,#ND,51000,Balavenkatapuram,#ND
#ND,#ND,#ND,51200,Balavenkatpuram 1,#ND
#ND,#ND,#ND,50000,Balavenkatpuram 2,#ND
14.715,77.135,90,100800,Beluguppa,Beluguppa
#ND,#ND,#ND,32000,Blyth (IN),#ND
14.585,77.164,120,105000,Borampalle,Anantapur
#ND,#ND,#ND,50400,Borampalli,Borampalli
#ND,#ND,65,37400,Burgula,#ND
14.656,77.946,120,50400,Ellutala I,Anantapur
14.656,77.946,120,50400,Ellutala II,Anantapur
14.656,77.946,#ND,31500,Ellutala III,Anantapur
14.815,78.283,#ND,50400,Gandikota,Gandikota
14.815,78.283,#ND,21000,Gandikota,Gandikota
#ND,#ND,#ND,50400,Gondikota,#ND
14.812,77.921,#ND,1000,Kadavakallu,Anantapur
14.812,77.921,#ND,500,Kadavakallu,Anantapur
14.812,77.921,45,750,Kadavakallu,Anantapur
14.812,77.921,45,4500,Kadavakallu,Anantapur
14.812,77.921,#ND,5100,Kadavakallu,Anantapur
14.812,77.921,#ND,43200,Kadavakallu,Anantapur
14.812,77.921,#ND,3600,Kadavakallu,Anantapur
14.812,77.921,#ND,3600,Kadavakallu,Anantapur
14.812,77.921,36,4000,Kadavakallu,Anantapur
14.812,77.921,36,16000,Kadavakallu,Anantapur
#ND,#ND,#ND,4500,Kadvaukallu,#ND
14.550,77.111,106,120000,Kalyandurg,Anantapur
14.550,77.111,#ND,24000,Kalyandurg,Anantapur
15.825,78.030,#ND,54400,Kondamedapally,Kurnool
15.825,78.030,#ND,27200,Kondamedapally,Kurnool
15.357,77.329,#ND,20400,Molagavalli I,Kurnool
15.357,77.329,#ND,18700,Molagavalli II,Kurnool
15.357,77.329,108,40000,Molagavalli III,Kurnool
14.680,77.585,#ND,100000,MPR Dam,Anantapur
14.196,77.529,75,50400,Nallakonda,Anantapur
14.887,77.204,104,64000,Nimbagallu,Nimbagallu
14.887,77.204,104,36000,Nimbagallu,Nimbagallu
14.887,77.204,104,100000,Nimbagallu,Nimbagallu
14.887,77.204,104,100000,Nimbagallu,Nimbagallu
16.674,81.633,#ND,25500,Pali,Pali
15.880,78.600,#ND,20000,Puthlur RCI,Puthlur
14.813,77.967,#ND,13500,Putluru,#ND
#ND,#ND,120,98700,Ralla,Anantapur
#ND,#ND,90,98700,Ralla,Anantapur
14.677,77.598,80,51200,Rayala 1A,Anantapur
14.677,77.598,90,50000,Rayala 1B,Anantapur
14.677,77.598,#ND,50000,Rayala 2A,Anantapur
14.677,77.598,#ND,50000,Rayala 2B,Anantapur
14.677,77.598,#ND,28000,Rayala 2C,Anantapur
14.677,77.598,#ND,46000,Tagguparti,Anantapur
14.677,77.598,#ND,46000,Tagguparti,Anantapur
14.677,77.598,#ND,54000,Tagguparti I,Anantapur
14.677,77.598,#ND,100000,Tagguparti II,Anantapur
#ND,#ND,#ND,46000,Taggupatri,Taggupatri
14.469,78.820,85,54000,Tirumalaipalli,Kadapa
14.671,77.591,80,63000,Vajrakarur,Anantapur
14.671,77.591,80,27300,Vajrakarur,Anantapur
14.671,77.591,80,105000,Vajrakarur II,Anantapur
14.378,77.384,90,31500,Veerbhadra I,Anantapur
15.026,77.166,#ND,50400,Vidapanakallu,Anantapur
21.707,88.120,#ND,200,Sagar Island,#ND
#ND,#ND,#ND,150000,Abdasa,#ND
#ND,#ND,#ND,12000,Ansal Properties & Infrastructure Ltd,#ND
#ND,#ND,#ND,6000,Arikhana,#ND
#ND,#ND,#ND,1500,Arikhana,#ND
#ND,#ND,#ND,3000,Arikhana,#ND
21.929,69.782,#ND,52500,Bhanwad,Jamnagar
21.770,72.143,#ND,5000,Bhavnagar,#ND
21.992,69.242,#ND,8750,Bhogat,#ND
23.252,69.663,#ND,51000,Bhuj,#ND
23.229,70.631,#ND,150000,Bhuj,Kutch
#ND,#ND,45,28125,Chandrodi,#ND
#ND,#ND,48,7200,Chandrodi,#ND
#ND,#ND,60,4500,Chandrodi,#ND
#ND,#ND,85,15000,Chandrodi,#ND
#ND,#ND,60,850,Chandrodi,#ND
#ND,#ND,65,4800,Chandrodi,#ND
#ND,#ND,74,1250,Chandrodi,#ND
#ND,#ND,71,900,Chandrodi,#ND
23.634,68.897,#ND,250000,Dayapar,Dayapar
#ND,#ND,#ND,10500,Energy Infratech Pvt Ltd,Surajbari
21.600,69.400,#ND,225,Gujarat,#ND
23.242,69.667,90,52500,Jamanwada,Bhuj
22.359,70.417,#ND,20000,Jamnagar,#ND
22.359,70.417,#ND,20800,Jamnagar,#ND
22.359,70.417,#ND,9600,Jamnagar & Rajkot,#ND
23.221,70.564,#ND,9900,Jangi,Jangi
23.221,70.564,#ND,60000,Jangi,Jangi
23.221,70.564,80,22000,Jangi,Jangi
23.221,70.564,#ND,25200,Jangi,Jangi
23.221,70.564,#ND,21600,Jangi,Jangi
23.221,70.564,#ND,14850,Jangi,Jangi
22.078,71.279,#ND,25200,Jasdan,Rajkot
23.046,68.878,#ND,10500,Kadoli,#ND
23.669,72.841,#ND,600,Kadoli,Kadoli
23.058,68.889,#ND,7500,Kamand,Kamand
23.030,70.220,#ND,21000,Kandla,#ND
22.249,68.964,120,63000,Kandorna & Bhanwad,Dwarka
22.207,69.640,#ND,50600,Khambhaliya,Khambhaliya
22.207,69.640,#ND,10000,Khambhaliya,Khambhaliya
22.207,69.640,#ND,18000,Khambhaliya,Khambhaliya
21.953,71.204,#ND,15000,Kotadapitha,Kotadapitha
21.952,71.181,51.5,2000,Kotdapitha,Kotdapitha
21.952,71.181,51.5,1750,Kotdapitha,Kotdapitha
21.641,69.622,120,67200,Kuchhdi,Porbandar
#ND,#ND,90,27300,Kundhda Bhavnaga,#ND
23.131,68.930,#ND,4200,Kutch,Kutch
23.131,68.930,#ND,50400,Kutch,Kutch
23.131,68.930,120,100000,Kutch,Kutch
23.131,68.930,78.5,21000,Kutch,Kutch
#ND,#ND,#ND,16500,Lakhapar,#ND
22.189,69.957,93,50400,Lalpur,Jamnagar
21.919,69.263,#ND,15000,Lamda Danida,Lamda
22.281,70.829,#ND,9000,Lathedi,#ND
22.304,70.802,80,25200,Mahidad,Rajkot
22.304,70.802,#ND,50400,Mahidad,Rajkot
22.304,70.802,#ND,26000,Mahidad,Rajkot
22.304,70.802,#ND,40000,Maliya,Rajkot
#ND,#ND,#ND,1500,Manaha,#ND
#ND,#ND,#ND,1500,Mindiyali,#ND
#ND,#ND,#ND,1500,Mindiyali,#ND
#ND,#ND,#ND,1500,Mindiyali,#ND
#ND,#ND,#ND,600,Mindiyali,#ND
22.009,69.712,58,26350,Mota Gunda,Jamnagar
22.009,69.712,74,1250,Mota Gunda,Jamnagar
22.009,69.712,80,3600,Mota Gunda,Jamnagar
22.009,69.712,45,450,Mota Gunda,Jamnagar
22.009,69.712,90,4000,Mota Gunda,Jamnagar
#ND,#ND,#ND,600,Motisindhodi,#ND
#ND,#ND,#ND,51000,Motisindholi,#ND
#ND,#ND,#ND,1500,Motisindholi,#ND
23.343,69.267,#ND,4200,Nakhatrana,Nakhatrana
23.343,69.267,#ND,10500,Nakhatrana SN1,Nakhatrana
23.343,69.267,#ND,10500,Nakhatrana SN5,Nakhatrana
22.623,72.771,#ND,9600,Navagam,#ND
23.851,72.115,#ND,50000,Patan,Patan
23.851,72.115,#ND,49300,Patan I,Patan
23.851,72.115,#ND,250000,Patan II,Patan
22.283,70.800,#ND,52500,Rajkot,Rajkot
22.290,70.782,#ND,101200,Rajkot,Rajkot
22.290,70.782,#ND,25200,Rajkot 2A,Rajkot
22.290,70.782,#ND,28000,Rajkot 2B,Rajkot
#ND,#ND,#ND,600,Raparghad,#ND
21.734,69.497,#ND,600,Ratdi,#ND
22.003,71.480,#ND,100000,Rojmal,Rojmal
22.003,71.480,#ND,54000,Rojmal,Rojmal
22.003,71.480,#ND,50000,Rojmal,Rojmal
22.003,71.480,#ND,50000,Rojmal,Rojmal
22.003,71.480,#ND,26000,Rojmal,Rojmal
22.003,71.480,#ND,50000,Rojmal,Rojmal
22.718,71.277,#ND,48000,Sadla,#ND
22.119,70.118,#ND,88800,Samana,Samana
22.119,70.118,#ND,10000,Samana,Samana
22.119,70.118,#ND,50400,Samana I,Samana
22.119,70.118,#ND,50400,Samana II,Samana
#ND,#ND,#ND,1250,Sanodar,#ND
22.142,69.058,#ND,10500,Saurashtra,#ND
22.142,69.058,75,39200,Saurashtra,#ND
21.338,71.305,#ND,32000,Savarakundla,Savarakundla
23.131,68.930,#ND,250000,SECI-I Kutch,Kutch
23.046,68.878,#ND,1650,Shikarpur,#ND
21.443,71.285,#ND,27000,Simran,#ND
21.443,71.285,#ND,10500,Simran,#ND
23.229,70.631,#ND,30000,Surajabari,Kutch
23.229,70.631,78,16500,Surajabari,Kutch
23.229,70.631,#ND,18000,Surajabari,Kutch
23.229,70.631,78.5,51000,Surajabari,Kutch
23.031,68.907,#ND,3000,Suthri,#ND
23.031,68.907,#ND,600,Suthri,#ND
23.031,68.907,#ND,600,Suthri,#ND
23.031,68.907,#ND,1500,Suthri,#ND
23.031,68.907,#ND,4500,Suthri,#ND
21.845,71.806,#ND,24800,Umrala,#ND
#ND,#ND,#ND,600,Vanku,#ND
#ND,#ND,#ND,600,Vanku,#ND
#ND,#ND,#ND,600,Vanku,#ND
23.001,70.586,78.5,24000,Vershamedi,Rajkot
22.470,70.015,#ND,16500,Vinjalpur,Jamnagar
22.470,70.015,#ND,4200,Vinjalpur,Jamnagar
22.470,70.015,#ND,12000,Vinjalpur,Jamnagar
21.340,70.751,#ND,1200,Visavada,#ND
21.340,70.751,#ND,600,Visavada,#ND
14.574,76.392,78,16500,Anabaru,#ND
13.733,76.533,#ND,16500,Anaburu,Davangere
14.480,76.347,78,13200,Arasinagundi,Davangere
17.001,76.250,108,50000,Bableshwar,Bableshwar
17.001,76.250,90,50000,Bableshwar,Bableshwar
16.640,75.615,106,50000,Bableshwar,Bableshwar
16.833,75.715,#ND,34000,Bagewadi,Bijapur
12.333,76.858,120,78000,Bannur,Bannur
12.333,76.858,120,78000,Bannur,Bannur
16.172,77.460,#ND,5000,Bapuram,Raichur
16.833,75.715,90,10000,Basavane Bagewadi,Bijapur
16.833,75.715,90,10000,Basavane Bagewadi,Bijapur
16.833,75.715,#ND,39600,Basavane Bagewadi,Bijapur
16.833,75.715,#ND,79200,Basavane Bagewadi,Bijapur
12.615,76.124,#ND,2500,Basavapatna,#ND
16.047,75.354,#ND,60000,Batkurki,Batkurki
15.380,75.688,#ND,24800,Belgaum Wind Farms Pvt.Ltd,Gadag
14.332,76.706,80,8400,Bharamasagar,Chitradurga
14.372,76.189,#ND,37950,Bharmasagar,#ND
14.323,76.142,72,36300,Bharmasagara,Davanagere
14.201,76.254,85,51000,Bhimasamudra,Chitradurga
14.201,76.254,78,12000,Bhimasamudra,Chitradurga
14.211,76.322,#ND,51000,Bhirmasamudra,#ND
#ND,#ND,55,6650,Biderekere,#ND
#ND,#ND,#ND,7200,Borenahalli,#ND
14.372,76.190,#ND,36300,BP Energy India Pvt Ltd (Karnataka),Bharmasagara
14.652,75.890,#ND,23100,BP Energy India Pvt Ltd (Karnataka),Telagi
14.025,75.926,50,6000,Chennagiri,Davangere
14.222,76.401,66,2850,Chikapanahalli,Chitradurga
14.137,76.176,78,25500,Chikkandavadi,Chitradurga
16.410,74.628,90,18000,Chikodi,Karoshi
14.222,76.401,50,2000,Chitradurga,Chitradurga
14.222,76.401,65,1500,Chitradurga,Chitradurga
16.831,75.704,94,23300,Chitradurga,Bijapur
14.454,75.919,#ND,3750,Davangare,#ND
16.106,75.860,90,100000,Devarahipparigi,Kamatagi
14.093,76.449,78.5,18000,Elkurnahalli,Chitradurga
16.833,75.715,#ND,51200,Fortune Five 1A,Bijapur
16.833,75.715,#ND,50000,Fortune Five 1B,Bijapur
14.222,76.400,#ND,41000,G R Halli,Chitradurga
15.429,75.628,#ND,5000,Gadag,#ND
15.429,75.628,#ND,24800,Gadag,#ND
15.429,75.628,#ND,11200,Gadag,#ND
15.429,75.628,30,450,Gadag,#ND
15.429,75.628,#ND,50000,Gadag,#ND
15.732,75.967,#ND,15000,Gajendragad,#ND
12.909,76.282,78.5,15000,Gopalpura,Hassan
12.909,76.282,78.5,15000,Gopalpura,Hassan
#ND,#ND,90,60000,Gurmitkal,#ND
13.807,75.693,#ND,1250,Haltimmalapura,#ND
#ND,#ND,#ND,1250,Halu Timmalpur,#ND
14.472,75.897,#ND,8400,Hanumanthappa,Davanagere
#ND,#ND,40,1920,Hanumasagar-Kustagi,#ND
14.787,75.987,78,39600,Harapanahalli,#ND
14.787,75.987,90,80000,Harapanahalli,#ND
14.787,75.987,75,21250,Harapanahalli,#ND
14.787,75.987,75,31250,Harapanahalli,#ND
14.831,75.816,78,39600,Harapanahalli,Davanagere
14.831,75.816,75,2500,Harapanahalli,Bellary
12.785,77.618,92,25200,Harapanahalli,Harapanahalli
14.513,75.804,#ND,6600,Harihar,#ND
15.363,75.568,75,31200,Harti,Gadag
15.363,75.568,56,11200,Harti,Gadag
14.520,76.334,54,12000,Jagalur,#ND
14.520,76.334,55,6650,Jagalur,#ND
14.520,76.334,#ND,9000,Jagalur,#ND
14.520,76.334,55,1900,Jagalur,#ND
14.519,76.336,#ND,9000,Jagalur,Davanagere
#ND,#ND,#ND,12000,Jogihalli,#ND
14.222,76.400,#ND,7600,Jogimatti,Chitradurga
14.220,76.400,#ND,14000,Jogmatti BSES,"Chitradurga Dist,"
14.222,76.401,78,4500,Kallavanagathihalli,Chitradurga
15.380,75.688,#ND,2025,Kappadagagudda,Gadag
15.380,75.688,#ND,2530,Kappadagagudda,Gadag
15.432,75.638,#ND,3000,Kappatagudda,Kappatagudda
15.432,75.638,30,1350,Kappatagudda,Kappatagudda
15.432,75.638,64,30000,Kappatagudda,Kappatagudda
15.432,75.638,74,5000,Kappatagudda,Kappatagudda
15.432,75.638,64,5000,Kappatagudda,Kappatagudda
15.432,75.638,#ND,675,Kappatagudda,Kappatagudda
15.432,75.638,#ND,2530,Kappatagudda,Kappatagudda
12.838,75.978,#ND,1500,Kavalu,#ND
16.206,77.342,#ND,50000,Kavital,Raichur
#ND,#ND,#ND,22800,Koralahalli,#ND
#ND,#ND,#ND,12000,Kudrekonda,#ND
15.752,76.184,#ND,69300,Kushtagi,Kushtagi
16.119,76.627,104,40000,Lingasugur,Raichur
15.385,75.586,#ND,34400,Malasamudra,#ND
16.833,75.715,#ND,15000,Mangalore,Bijapur
16.833,75.715,#ND,46000,Mangauli,Bijapur
16.833,75.715,#ND,15000,Matrix,Bijapur
#ND,#ND,#ND,6600,Nandana Hosura,#ND
12.556,77.051,#ND,3000,Naraginakere,#ND
15.732,75.379,56,7200,Nargund,Nargund
15.970,76.529,#ND,6000,Nirlooti,Raichur
13.949,76.119,#ND,2000,Ramgiri,#ND
15.855,74.485,80,64600,Rayabag,Belgaum
15.610,75.732,104,40000,Ron,Gadag
#ND,#ND,#ND,60000,Sattegiri,Belgavi
16.031,75.042,90,60000,Sattigeri,Sattigeri
15.865,75.217,#ND,82400,Saundatti,#ND
#ND,#ND,65,100300,Savalsung,#ND
14.454,75.919,#ND,106250,Sogi - Jajikallgudda,"Harpanahalli Tuluk, Bellary, Davangere"
15.147,75.247,75,50400,Tadas,Dharwad
15.461,75.008,55,44000,Tadas,Dharwad
#ND,#ND,#ND,100000,Taralkatti,Belgavi
14.655,75.862,78,23100,Telagi,Davanagere
#ND,#ND,#ND,4950,Thimmapanagudda,#ND
#ND,#ND,#ND,68800,Tumkur & Chitradurga,#ND
13.910,76.030,78,56100,Tuppadahalli,#ND
#ND,#ND,#ND,2550,Vadambachery,#ND
16.817,75.894,78,50000,Vyshali I,Kumatagi
16.817,75.894,78,50000,Vyshali II,Kumatagi
15.267,75.587,80,25500,Yelisirur,#ND
15.267,75.587,80,1700,Yelisirur,#ND
15.267,75.587,80,28900,Yelisirur,#ND
15.267,75.587,80,15300,Yelisirur,#ND
8.625,76.844,#ND,18000,Ismail Point,Mangalapuram
10.796,76.733,#ND,22000,Kanjikode,Kanjikode
9.802,77.226,#ND,25000,Ramakkalmedu,Ramakkalmedu
23.717,76.020,104,100000,Agar,Agar
23.333,75.036,#ND,50000,Amba,Ratlam
23.333,75.036,104,66000,Amba,Ratlam
23.333,75.036,#ND,52000,Amba,Ratlam
23.021,75.231,104,100000,Badnawar,Dhar
23.545,75.389,104,50000,Bercha,Bercha
21.907,77.898,#ND,49500,Betul,Betul
#ND,#ND,104,92000,Chandgarh,#ND
#ND,#ND,104,38000,Chandgarh,#ND
22.908,75.171,120,60900,Code,Dhar
#ND,#ND,120,58800,Dewas,Dewas
#ND,#ND,#ND,27300,Dewas Badoni,Dewas
#ND,#ND,#ND,108000,Fatanpur,Dewas
22.960,76.050,#ND,14000,Jamgudrani MP,Dewas
22.960,76.050,#ND,22100,Jamgudrani MP,Dewas
22.960,76.050,#ND,26000,Jamgudrani MP,Dewas
23.638,75.126,104,30000,Jaora,Jaora
#ND,#ND,#ND,6000,Kadarkhow hill,#ND
#ND,#ND,#ND,50000,Kukru,Kukru
23.379,76.372,#ND,92000,Lahori,Lahori
23.379,76.372,#ND,50000,Lahori,Lahori
23.379,76.372,#ND,30000,Lahori,Lahori
23.379,76.372,#ND,26000,Lahori,Lahori
24.238,75.109,120,27300,Limbwas I,Ujjain
23.312,75.362,120,25200,Limbwas II,Ujjain
#ND,#ND,90,50400,Madhya Pradesh,#ND
23.333,75.036,#ND,100500,Mamatkheda,Ratlam
24.100,74.967,75,28800,Mandsaur,Rewasdewra
23.451,75.410,#ND,2500,Nagada,#ND
23.643,74.992,75,8000,Naulakha,Ratlam
24.215,75.538,#ND,20000,Nipaniya,#ND
24.215,75.538,#ND,20000,Nipaniya,#ND
24.215,75.538,#ND,18000,Nipaniya,#ND
23.356,74.922,#ND,22500,Palsodi,#ND
23.356,74.922,75,10800,Palsodi,#ND
#ND,#ND,75,24000,Ratedi,Dewas
#ND,#ND,#ND,16000,Rathedi,#ND
23.334,75.038,#ND,170000,Ratlam,Ratlam
#ND,#ND,#ND,1500,Adawadi,#ND
#ND,#ND,#ND,6000,Agashwadi,#ND
#ND,#ND,#ND,50000,Agashwadi,#ND
21.370,74.250,#ND,10000,Aichale-Dhandane-Wankute-Mandal-Vavad,#ND
#ND,#ND,#ND,14400,Ambheri,Satara
#ND,#ND,#ND,2400,Ambheri,Satara
#ND,#ND,#ND,15975,Ambheri,Satara
#ND,#ND,#ND,6250,Ambheri,Satara
#ND,#ND,#ND,4000,Ambheri,Satara
#ND,#ND,#ND,16000,Ambheri,Satara
#ND,#ND,#ND,56000,Andhra Lake,#ND
#ND,#ND,#ND,57600,Andhra Lake,#ND
#ND,#ND,#ND,3000,Atwadi,#ND
19.258,73.127,#ND,10400,Aundhewadi,#ND
19.258,73.127,#ND,42000,Aundhewadi,#ND
#ND,#ND,#ND,66000,Bajaj Finserv Ltd,#ND
17.027,74.142,#ND,1650,Bharewadi,#ND
18.929,76.747,#ND,49300,Bhendewadi,Parbhani
17.770,74.327,#ND,15000,Bhud,#ND
17.770,74.327,#ND,27000,Bhud,#ND
17.770,74.327,#ND,42900,Bhud,#ND
17.770,74.327,#ND,4950,Bhud,#ND
#ND,#ND,#ND,800,Biranwadi,#ND
#ND,#ND,#ND,2500,Birenwadi,#ND
#ND,#ND,#ND,1250,Birenwadi,#ND
#ND,#ND,90,98700,Bothe,Satara
#ND,#ND,90,21000,Bothe,Satara
#ND,#ND,#ND,80000,Bothe,Satara
20.904,74.776,#ND,40000,BP Energy India Pvt Ltd (Maharashtra),Dhule
#ND,#ND,#ND,3300,Brahmanvel,#ND
#ND,#ND,#ND,40000,Brahmanvel,#ND
#ND,#ND,#ND,3000,Brahmanvel,#ND
#ND,#ND,#ND,3000,Brahmanvel,#ND
#ND,#ND,#ND,15000,Brahmanvel,#ND
#ND,#ND,#ND,17250,Brahmanvel,#ND
#ND,#ND,#ND,9600,Brahmanvel,#ND
#ND,#ND,#ND,431250,Brahmanvel,#ND
#ND,#ND,#ND,6000,Brahmanvel,#ND
#ND,#ND,#ND,11000,Bramanvel,#ND
17.314,74.717,#ND,30000,Budh,Satara
19.111,72.857,#ND,182500,Chakala,#ND
19.111,72.857,#ND,30000,Chakala,#ND
19.111,72.857,#ND,4200,Chakala,#ND
21.366,74.242,79,39000,Chakla,Nandurbar
17.479,73.837,#ND,2000,Chalkewadi,#ND
17.479,73.837,#ND,3750,Chalkewadi,#ND
17.479,73.837,#ND,450,Chalkewadi,#ND
17.479,73.837,#ND,5600,Chalkewadi,#ND
17.479,73.837,#ND,1800,Chalkewadi,#ND
17.479,73.837,#ND,5000,Chalkewadi,#ND
17.479,73.837,#ND,6000,Chalkewadi,#ND
17.479,73.837,#ND,4800,Chalkewadi,#ND
17.941,73.790,#ND,37600,Chavneshwar,#ND
21.202,74.247,#ND,1250,Chhadvel,#ND
21.202,74.247,#ND,5000,Chhadvel,#ND
#ND,#ND,85,75000,Chilarewadi,Satara
17.708,74.544,#ND,8750,Dahiwadi,#ND
17.117,74.987,#ND,2500,Dhalgaon,#ND
17.117,74.987,#ND,8400,Dhalgaon,#ND
17.117,74.987,#ND,30600,Dhalgaon,#ND
17.117,74.987,#ND,162500,Dhalgaon,#ND
17.117,74.987,#ND,73500,Dhalgaon,#ND
20.902,74.771,#ND,3750,Dhule,#ND
20.902,74.771,#ND,4500,Dhule,#ND
20.902,74.771,#ND,20000,Dhule,#ND
20.908,74.770,#ND,15000,Dhule,Dhule
20.908,74.770,#ND,30000,Dhule,Dhule
20.908,74.770,#ND,3750,Dhule,Dhule
21.370,74.250,#ND,10000,Dhule-Nandurbar,#ND
21.370,74.250,#ND,75000,Dhule-Nandurbar,#ND
17.174,74.861,#ND,10000,Ghatnandre,Ghatnandre
#ND,#ND,#ND,32000,Girijishankarwadi,Girijishankarwadi
#ND,#ND,#ND,18000,Gude,Satara
17.920,73.794,#ND,23100,Gude Panchgani,#ND
#ND,#ND,#ND,2400,Gudepachgan,#ND
#ND,#ND,#ND,4200,Gudepachgan,#ND
#ND,#ND,#ND,7200,Gudepachgan,#ND
#ND,#ND,#ND,37800,Gudepachgan,#ND
#ND,#ND,#ND,15600,Gudepachgan,#ND
#ND,#ND,#ND,16500,Gudepachgan,#ND
#ND,#ND,#ND,1250,Isharde,#ND
#ND,#ND,#ND,2500,Isharde,#ND
20.908,74.770,80,33600,Jaibhim,Dhule
17.631,74.268,#ND,28000,Jamb,Jamb
#ND,#ND,#ND,11250,Jamde,#ND
16.854,74.567,#ND,30000,Jath (Equis),Sangli
16.854,74.567,#ND,50400,Jath (NALCO),Sangli
17.060,75.167,65,24650,Jath (ReNew) I,Sangli
17.060,75.167,90,50000,Jath (ReNew) II,Sangli
16.854,74.567,#ND,30000,Jath (Tata),Sangli
16.854,74.567,#ND,49300,Jath II,Sangli
16.854,74.567,90,60000,Jath III,Sangli
#ND,#ND,#ND,4200,Kadve Khurd,#ND
17.721,73.809,#ND,7500,Kas,Satara
17.721,73.809,#ND,15000,Kas,Satara
#ND,#ND,#ND,57000,Kavadya Dongar,#ND
#ND,#ND,#ND,7500,Kavadya Dongar,#ND
#ND,#ND,104,24000,Khanapur,#ND
#ND,#ND,104,10000,Khanapur,#ND
19.164,74.883,#ND,70000,Khandke,Khandke
19.164,74.883,#ND,108000,Khandke,Khandke
19.164,74.883,#ND,50400,Khandke Wind,Khandke
#ND,#ND,#ND,98600,Khombalna,Khombalna
20.346,76.264,#ND,150000,Kolgoan and Chikli,#ND
#ND,#ND,#ND,50000,Kosegovan Karjat,#ND
19.020,73.891,80,4000,Landewadi,Landewadi
20.956,79.456,#ND,21250,Mandal,#ND
#ND,#ND,#ND,14400,Mathani,#ND
#ND,#ND,#ND,7500,Matrewadi,#ND
#ND,#ND,#ND,45000,Matrewadi,#ND
#ND,#ND,#ND,3300,Matrewadi,#ND
#ND,#ND,#ND,2000,Motha,#ND
20.030,73.711,#ND,5000,Nandurbar,#ND
#ND,#ND,#ND,21000,Niveda,#ND
#ND,#ND,#ND,4800,Nivi,#ND
#ND,#ND,#ND,15400,Nivkhane,#ND
19.812,77.031,#ND,29700,Palsi,#ND
#ND,#ND,#ND,36000,Panchpatta,#ND
#ND,#ND,#ND,52000,Panchpatta,#ND
#ND,#ND,#ND,65600,Ratnagiri I,Satara
#ND,#ND,#ND,35200,Ratnagiri II,Satara
#ND,#ND,#ND,61250,Sadawaghpur,#ND
#ND,#ND,#ND,13200,Sadawaghpur,#ND
16.854,74.564,#ND,3000,Sangli,#ND
17.691,74.001,#ND,6250,Satara,Vankuswade
17.691,74.001,#ND,42700,Satara,Vankuswade
17.691,74.001,#ND,14700,Satara,Vankuswade
17.691,74.001,#ND,1500,Satara,Vankuswade
17.691,74.001,#ND,174600,Satara,Vankuswade
17.691,74.001,#ND,24000,Satara,Vankuswade
17.691,74.001,#ND,12000,Satara,Vankuswade
18.808,75.352,#ND,31200,Sautada,#ND
18.808,75.352,#ND,500,Sautada,#ND
18.808,75.352,90,100000,Sautada,#ND
#ND,#ND,#ND,3200,Shirala Taluka,#ND
#ND,#ND,#ND,12800,Shirala Taluka,#ND
19.844,73.999,#ND,1500,Sinnar,Nashik
19.844,73.999,80,12600,Sinnar,Nashik
18.325,74.378,#ND,2000,Supa,#ND
18.336,74.372,#ND,20000,Supa,#ND
18.959,74.536,#ND,150000,Supe,#ND
17.604,73.823,#ND,8100,Thoseghar,#ND
17.604,73.823,#ND,15600,Thoseghar,#ND
17.604,73.823,#ND,10800,Thoseghar,#ND
17.604,73.823,#ND,6400,Thoseghar,#ND
20.991,74.313,#ND,21250,Titane Sakri Dhule,#ND
#ND,#ND,#ND,7000,Vankusavade,#ND
#ND,#ND,#ND,21000,Vankusavade,#ND
#ND,#ND,#ND,5700,Vankusavade,#ND
#ND,#ND,#ND,12600,Vankusavade,#ND
#ND,#ND,#ND,750,Vankusavade,#ND
#ND,#ND,#ND,1000,Vankusavade,#ND
#ND,#ND,#ND,225,Vankusavade,#ND
#ND,#ND,#ND,5500,Vankusavade,#ND
#ND,#ND,#ND,21750,Vankusavade,#ND
17.690,74.004,#ND,189000,Vankusawade Wind Park,Satara
#ND,#ND,#ND,9000,Varekarwadi,#ND
#ND,#ND,#ND,4000,Varekarwadi,#ND
#ND,#ND,#ND,6600,Varekarwadi,#ND
17.091,75.341,85,45000,Vaspet I,Vaspet
17.091,75.341,#ND,27000,Vaspet II,Vaspet
17.091,75.341,#ND,22500,Vaspet III,Vaspet
17.091,75.341,#ND,49500,Vaspet IV,Vaspet
#ND,#ND,#ND,1500,Vijaydurga,#ND
#ND,#ND,#ND,10000,Visapur,#ND
19.064,75.054,90,50400,Welturi I,Beed
19.059,75.068,90,25200,Welturi II,Beed
18.397,75.873,#ND,148800,Yermala,#ND
20.800,69.900,#ND,#ND,Gujarat - Flowocean,#ND
21.600,69.500,#ND,600000,Gujarat - Greenshore,#ND
#ND,#ND,#ND,500000,Gujarat - Jakhau - Samiran Udaipur,#ND
#ND,#ND,#ND,24000,MNRE Offshore Wind Turbine Demonstration Project,#ND
18.600,72.600,#ND,500000,ONGC - Commercial Project,#ND
18.600,72.600,#ND,10000,ONGC - Pilot Project,#ND
20.400,72.800,#ND,#ND,ONGC - Vertical Axis Pilot Project,#ND
9.400,79.400,#ND,500000,Tamil Nadu - Bharat Light & Power,#ND
9.100,79.000,#ND,#ND,Tamil Nadu - Flowocean,#ND
8.200,78.000,#ND,500000,Tamil Nadu - Greenshore Energy,#ND
8.200,78.000,#ND,500000,Tamil Nadu - Suzlon,#ND
9.100,79.000,#ND,200000,Tamil Nadu Energy Development Agency,#ND
26.916,70.918,#ND,15000,Akal,Jaisalmer
26.916,70.918,#ND,25500,Akal,Jaisalmer
26.904,70.860,#ND,5000,Badabagh,Jaisalmer
26.904,70.860,#ND,3150,Badabagh II,Jaisalmer
26.904,70.860,#ND,2500,Badabagh II,Jaisalmer
26.904,70.860,#ND,6000,Badabagh II,Jaisalmer
28.883,75.204,#ND,4000,Badi,#ND
29.073,74.295,#ND,5000,Baramsar,#ND
29.073,74.295,#ND,2500,Baramsar,#ND
29.073,74.295,#ND,15000,Baramsar,#ND
26.615,71.036,#ND,21600,Bhakrani,#ND
26.615,71.036,#ND,82400,Bhakrani,#ND
26.545,71.066,#ND,14400,Bhakrani,#ND
#ND,#ND,#ND,3000,Bhalu Kalan,#ND
26.636,71.341,120,50400,Bhesada,Jaisalmer
26.636,71.341,#ND,31500,Bhesada,Jaisalmer
26.636,71.341,120,50400,Bhesada,Jaisalmer
26.636,71.341,120,50400,Bhesada,Jaisalmer
26.645,73.492,90,25200,Bhopalgarh,Jodhpur
23.684,74.864,85,15000,Dalot,Dalot
23.684,74.864,#ND,19500,Dalot,Dalot
26.913,70.914,#ND,118000,Dangri,Jaisalmer
26.913,70.914,#ND,40000,Dangri,Jaisalmer
26.556,71.375,#ND,30000,Dangri,Jaisalmer
25.529,73.910,#ND,37500,Devgarh,Pratapgarh
25.529,73.910,#ND,22500,Devgarh,Pratapgarh
23.926,74.643,#ND,51000,Devgarh,Pratapgarh
#ND,#ND,#ND,30000,Devikot,#ND
26.701,71.182,104,24000,Devikot,Jaisalmer
26.236,71.214,#ND,40000,Gunga,Gunga
26.920,70.900,#ND,160000,Jaisalmer,#ND
26.920,70.900,#ND,904000,Jaisalmer,#ND
26.920,70.900,#ND,51000,Jaisalmer,#ND
26.920,70.900,70,2100,Jaisalmer,#ND
26.920,70.900,120,50400,Jaisalmer,#ND
26.920,70.900,#ND,21250,Jaisalmer,#ND
26.916,70.908,90,75600,Kaladongar,Jaisalmer
26.916,70.908,120,23100,Kaladongar,Jaisalmer
26.904,70.860,#ND,26000,Khodiyasar,Jaisalmer
26.904,70.860,92,10000,Khodiyasar,Jaisalmer
26.904,70.860,92,40000,Khodiyasar,Jaisalmer
#ND,#ND,#ND,24800,Kita - Bhu,#ND
26.591,71.197,#ND,50000,Lakhmana,Jaisalmer
26.933,70.874,#ND,13600,Lodurva,Jaisalmer
26.913,70.914,#ND,47600,Ludarva,Jaisalmer
26.904,70.860,#ND,76500,Ludarwa,Jaisalmer
29.107,74.710,#ND,21000,Maliya - Miyana,Maliya
#ND,#ND,#ND,52000,Modha,Jaisalmer
26.916,70.908,80,31500,Mokal,Jaisalmer
26.916,70.908,80,42000,Mokal,Jaisalmer
26.916,70.908,#ND,79800,Mokal,Jaisalmer
26.858,71.242,80,102900,Mulana,Jaisalmer
#ND,#ND,#ND,62900,Nidhi,#ND
#ND,#ND,#ND,27200,Nidhi,#ND
#ND,#ND,#ND,55500,ONGC,#ND
#ND,#ND,#ND,3200,Oshiyan,#ND
#ND,#ND,#ND,33000,Osisan,#ND
#ND,#ND,#ND,9800,Pohra,Jaisalmer
#ND,#ND,#ND,15000,Pohra,Jaisalmer
#ND,#ND,#ND,12500,Pohra,Jaisalmer
#ND,#ND,#ND,7500,Pohra II,Jaisalmer
#ND,#ND,#ND,3850,Pohra II,Jaisalmer
#ND,#ND,#ND,7500,Pokhra,#ND
#ND,#ND,#ND,3850,Pokhra,#ND
24.031,74.774,#ND,62000,Pratapgarh,Pratapgarh
24.031,74.774,#ND,64000,Pratapgarh,Pratapgarh
26.541,71.515,#ND,50000,Rajgarh,Jaisalmer
26.541,71.515,#ND,50400,Rajgarh,Jaisalmer
26.586,71.345,#ND,24000,Rajgarh,Jaisalmer
#ND,#ND,#ND,7500,Ratan ka Baas,Jodphur
#ND,#ND,#ND,8000,Salkha,Jaisalmer
#ND,#ND,#ND,1250,Satta,#ND
#ND,#ND,#ND,50400,Sipla,#ND
#ND,#ND,#ND,50400,Sipla,#ND
#ND,#ND,#ND,24000,Soda,#ND
#ND,#ND,#ND,6250,Soda Mada,#ND
#ND,#ND,#ND,2500,Soda Mada II,#ND
#ND,#ND,#ND,2500,Soda Mada III,#ND
27.796,70.354,#ND,60000,Tanot,Jaisalmer
27.796,70.354,#ND,60000,Tanot,Jaisalmer
26.913,70.914,#ND,31500,Tejuva,Jaisalmer
26.913,70.914,#ND,100800,Tejuva,Jaisalmer
26.913,70.914,#ND,50400,Tejuva,Jaisalmer
26.913,70.914,#ND,50400,Tejuva,Jaisalmer
26.503,72.794,#ND,10400,Tinwari,Jodphur
26.503,72.794,75,20000,Tinwari,Jodphur
#ND,#ND,#ND,8000,Tiwari,#ND
#ND,#ND,#ND,126000,Welspun Renewable Energy,#ND
8.608,77.756,#ND,750,Alaganeri,#ND
9.014,77.353,#ND,16500,Anaikulam,#ND
11.577,77.588,#ND,13500,Anthiyur,Coimbatore
#ND,#ND,#ND,750,Ayansurandai,Veerakelamputhur
9.001,77.950,#ND,1200,Bogampatti,#ND
8.710,77.540,#ND,59760,Cape Comorim,Cape Comorim
13.060,80.250,#ND,15000,Chennai Mohan,Chennai
9.435,78.095,#ND,1800,Chettikurichi,Chettikurichi
#ND,#ND,#ND,8800,Coimbatore Polytex,#ND
#ND,#ND,#ND,4950,Danakarkulam,#ND
#ND,#ND,#ND,8750,Dhanakkarkulam,#ND
#ND,#ND,#ND,30600,Eppodhum Vendran,#ND
9.056,77.502,85,100500,Essar,Tirunelveli
8.726,77.747,#ND,18750,Gudimangalam,Tirunelveli
10.690,77.280,#ND,21000,Gujdimangalam,Gujdimangalam
#ND,#ND,#ND,9600,Irrukandurai,#ND
#ND,#ND,#ND,6250,Irukkandurai,#ND
8.726,77.747,#ND,51000,Kaluneerkulam,Tirunelveli
8.640,77.850,#ND,1500,Karungulam,#ND
13.106,80.182,#ND,1650,Kasthuriangapuram,#ND
13.106,80.182,#ND,3000,Kasthuriangapuram,#ND
8.950,77.770,104,50000,Kayathar,Kayathar
8.950,77.770,#ND,30000,Kayathar Subhash,Kayathar
8.726,77.747,#ND,40800,Kazugumalai,Tirunelveli
10.999,76.990,#ND,11000,Kethanur Wind Farm,Kethanur
#ND,#ND,#ND,800,Kozhumankundan,#ND
10.850,77.446,#ND,5000,Kundadam,#ND
#ND,#ND,#ND,8250,Kuruncheri,Udumalaipettai
#ND,#ND,#ND,3000,Levenjipuram,#ND
#ND,#ND,#ND,24000,Madhavakurchi,#ND
#ND,#ND,#ND,2500,Melamarutthapuram,#ND
8.250,77.590,#ND,1500000,Muppandal,#ND
8.250,77.590,#ND,10000,Muppandal Madras,Muppandal
8.250,77.590,#ND,22000,Muppandal Wind,Muppandal
10.884,77.417,78.5,21000,Muthiyampatti,"Suriyanallur, Nelali, Kozhumankuli, Kundadam"
8.170,77.430,#ND,1500,Nagercoil,"Adangarkulam, Sadayaneri"
8.170,77.430,#ND,2250,Nagercoil,"Pazhavvor, Panagudi"
8.170,77.430,#ND,1500,Nagercoil,"Karungulam, Panagudi, Vadakkukavalakurchi"
8.170,77.430,#ND,3000,Nagercoil,"Karungulam, Panakudi, Adangarkulam, Dhanakkarkulam"
8.170,77.430,#ND,2250,Nagercoil,"Panagudi, Pazhavoor"
8.170,77.430,#ND,750,Nagercoil,Panakudi
8.170,77.430,#ND,6750,Nagercoil,"Adangarkulam, Pazhavoor, Dhanakkarkulam, Karungulam"
8.170,77.430,#ND,1500,Nagercoil,"Pazhavoor, Karungulam"
8.170,77.430,#ND,6600,Nagercoil,Dhanakkarkulam
8.170,77.430,#ND,1250,Nagercoil,Vadakkukavalakurchi
8.170,77.430,#ND,1250,Nagercoil,Kavalakurchi
11.109,77.341,#ND,9350,Oodhiyur,Tirupur
10.991,77.286,#ND,6000,Palladam,#ND
8.323,77.576,#ND,3750,Panagudi,#ND
#ND,#ND,#ND,34500,Panapatti,#ND
8.243,77.700,#ND,3000,Parameshwarapuram,#ND
8.707,77.607,#ND,4250,Pazhavoor,#ND
8.707,77.607,#ND,3000,Pazhavoor,#ND
11.206,78.140,#ND,99000,Periyapatti,Periyapatti
11.117,77.351,#ND,120000,Periyapatti,Tiruppur
11.117,77.351,#ND,20000,Periyapatti,Tiruppur
12.970,80.240,#ND,12000,Perungudi Newam,Perungudi
8.726,77.747,85,49500,Phoolwadi,Tirunelveli
10.960,76.990,#ND,100000,Poolavadi,#ND
10.960,76.990,#ND,10000,Poolavadi Chettinad,Poolavadi
10.960,76.990,#ND,10500,Poolavadi Chettinad,Poolavadi
11.353,77.169,#ND,5000,Pulliampatti,#ND
#ND,#ND,#ND,4000,Pushpathur,#ND
8.263,77.685,#ND,1500,Radhapuram Taluk,#ND
8.263,77.685,#ND,3000,Radhapuram Taluk,#ND
8.263,77.685,#ND,10500,Radhapuram Taluk,#ND
8.263,77.685,64.7,15000,Radhapuram Taluk,#ND
8.715,77.757,#ND,30000,Ramnagar,Tirunelvelli
9.945,77.336,#ND,25500,Rasingapuram,#ND
9.945,77.336,#ND,24000,Rasingapuram,#ND
8.726,77.747,140,2100,S120/2100 prototype,Tirunelveli
8.337,77.699,#ND,1500,Samugarengapuram,#ND
#ND,#ND,#ND,4500,Sankeneri,#ND
#ND,#ND,#ND,6250,Sirukkalanthai,#ND
#ND,#ND,#ND,3300,Soundarapandiapuram,#ND
#ND,#ND,#ND,2500,Soundarapandiapuram,#ND
9.052,77.421,#ND,5100,Tenkasi,#ND
9.052,77.421,45,2700,Tenkasi,#ND
9.904,77.257,#ND,8000,Thalaiyoothu,#ND
9.904,77.257,#ND,8000,Thalaiyoothu,#ND
11.747,78.116,#ND,6600,Thekkampatti,#ND
10.006,77.472,#ND,3000,Theni,#ND
10.006,77.472,#ND,49500,Theni,#ND
10.006,77.472,78,49500,Theni I,#ND
10.006,77.472,78,49500,Theni II,#ND
8.733,77.700,#ND,47850,Thirunelveli,#ND
8.733,77.700,#ND,3300,Thirunelveli,#ND
8.733,77.700,#ND,6750,Thirunelveli,#ND
8.733,77.700,#ND,15000,Thirunelveli,#ND
8.252,77.774,#ND,1500,Thiruvambalapuram,#ND
8.733,77.700,#ND,10500,Tirunelveli,#ND
8.733,77.700,#ND,51000,Tirunelveli,#ND
8.156,77.461,#ND,1500,Udayathoor,#ND
8.156,77.461,#ND,6000,Udayathoor,#ND
10.585,77.248,#ND,11200,Udummalaipet,#ND
8.911,77.599,#ND,2500,Ukkirankottai,#ND
#ND,#ND,#ND,3000,Urumangulam,#ND
8.984,77.535,#ND,#ND,Uthumalai,Uthumalai
8.984,77.535,#ND,7500,Uthumalai,Uthumalai
8.984,77.535,#ND,10000,Uthumalai,#ND
8.965,77.443,#ND,9900,V.K. Pudur,#ND
10.584,77.573,85,100500,Vagarai,#ND
#ND,#ND,#ND,16500,Veeranam,#ND
9.050,77.469,#ND,1200,Vellalankulam,#ND
8.471,77.609,#ND,1250,Veppilakulam,#ND
17.380,78.490,#ND,10000,Hyderabad APSRTC,Hyderabad
17.200,77.920,120,65100,Nazeerabad,Nazeerabad
17.200,77.920,120,33600,Nazeerabad,Nazeerabad
18.045,78.261,120,31500,Zaheerabad,Medak
